"Ах, Петербург!"
Город на Неве!
Какой самый лучший город?
Любишь Петербург?
Новые друзья!
Питер-FM
Северная столица!
Может вам скучно?!
Ты знаешь всё о Питере!
Вы тоже из Питера?
Moscow never sleeps!
"Ах, Москва!"
Город - сказка!
Какой самый лучший город?
Любите Москву?
Москва никогда не спит!
Новые друзья!
Ты знаешь всё о Москве!
Вы тоже из Москвы?
Чем больше город…
"Я люблю тебя, Москва!"
Новые знакомства в сети!
Откройте мир знакомств!
Знакомства и встречи!
Играйте и знакомьтесь!
Знакомьтесь играя!
Безопасные знакомства!
С кем пойти в кафе?
Любите кино?
Вы разбираетесь в Моде?
Duego – новые знакомства
"Жмите ""не нравится"" !"
Duego – новые знакомства
Duego – новые знакомства
Надоело играть в ферму?
"Ушел в туалет, скоро буду"
Надоело играть в мафию?
Duego – новые знакомства!
Duego – новые знакомства!
Duego – новые знакомства!
Знакомьтесь играя!
Играйте и знакомьтесь!
Красивые девушки!
Никого в онлайне?
С кем бы поболтать?
Столько друзей!
Никого не напоминает?
Стройная и милая
Ищем идеальную пару
Duego – новые знакомства
Знакомства без проблем!
С кем пойти в кафе?
Новые знакомства в сети!
"Любите спорт, кино, игры?"
Она похожа на актрису?
Помогите другим!
Твоя идеальная пара?
Игра - Симпатяшки!
Старые друзья
Новые друзья!
Сходить на свидания?
Новые знакомства в сети!
Классные парни!
Никого в онлайне?
Высокий и спортивный
Ищем идеальную пару
Знакомства без проблем!
Новые знакомства в сети!
"Любите танцы, кино, игры?"
Он похож на актёра?
Помогите другим!
Твоя идеальная пара?
Игра - Симпатяшки!
Новые знакомства в сети!
8 Марта!
Весеннее настроение!
Весеннее настроение!
Весеннее настроение!
Не скучай 8-го Марта!
Нечем заняться?
Поздравляю себя!
С 8 Марта!
С 8 Марта!
С Праздником!
У всех праздник!
Duego - новые знакомства!
А вы уже на Duego?
Игры и знакомства!
Игры и знакомства!
Новые знакомства!
Новые знакомства!
Игра - Симпатяшки!
Кто будет в ТОПе?
Игра - Симпатяшки!
Кто будет в ТОПе?
Что такое Duego?
Что такое Duego?
Город увлекательных историй и замечательных людей! Узнайте их лучше на Duego уже сегодня!
Хотите знакомиться в своем городе? Заходите на Duego сегодня!
"Может, Питер? Здесь столько креативных людей! Узнайте их лучше прямо сейчас на Duego!"
Знакомься с людьми со всего города на Duego! Заходи прямо сейчас!
"Они ближе, чем вы думаете!  Знакомьтесь с новыми людьми из Питера, заходите на Duego!"
"Любите этот фильм и этот город? Найдите тех, кто разделяет ваши увлечения на Duego!"
Красивые люди и модные клубы. Заводи новые знакомства на Duego и отрывайся по полной!
Заходите на Duego и знакомьтесь с новыми интересными людьми из Питера!
"Но ты точно не знаешь ВСЕХ!  Заходи на Duego, знакомься и общайся уже сегодня!"
Заводите новые увлекательные знакомства прямо сейчас на duego.com!
Москва никогда не спит! Интересные знакомства и встречи на расстоянии одного клика!
Город увлекательных историй и замечательных людей! Узнайте их лучше на Duego уже сегодня!
Город- мечта! Попадите в его сети в интернете! Duego- новые знакомства в вашем городе.
"Может, Москва? Здесь столько замечательных людей! Узнайте их лучше прямо сейчас на Duego!"
Знакомьтесь с людьми со всего города на Duego! Заходите прямо сейчас!
Красивые люди и модные клубы. Заводи новые знакомства на Duego и отрывайся по полной!
"Они ближе, чем ты думаешь!  Знакомься с новыми людьми из Москвы, заходи на Duego!"
"Но ты точно не знаешь ВСЕХ!  Заходи на Duego, знакомься и общайся уже сегодня!"
Заводите новые увлекательные знакомства прямо сейчас на duego.com!
Тем сложнее найти интересных вам людей! Заходите на Duego и знакомьтесь по интересам!
Хотите знакомиться в своем городе? Заходите на Duego сегодня!
Найдите новых друзей по интересам на Duego! Сегодня регистрация бесплатна.
Общайтесь с близкими по духу людьми в стильной обстановке на Duego.com. Регистрируйтесь!
Duego – новое место для знакомств в приятной и веселой обстановке. Регистрируйтесь сейчас!
"На Duego много веселых игр и красивых девушек, с которыми теперь так просто познакомиться!"
"На Duego много веселых игр и классных парней, с которыми теперь так просто познакомиться!"
На Duego знакомиться безопасно и весело. Регистрируйтесь и найдите свою вторую половинку!
"Знакомьтесь, общайтесь по интересам, флиртуйте на Duego! Абсолютно бесплатно!"
"Знакомьтесь, обсуждайте общие интересы, флиртуйте на Duego. Зарегистрироваться просто!"
"Знакомьтесь, обсуждайте общие интересы, флиртуйте на Duego.com Зарегистрироваться просто!"
"Общайтесь, играйте, встречайтесь, флиртуйте! Ведь это весело, безопасно, это Duego!"
"На Duego, чтобы сказать ""не нравится"", достаточно клика. Выразите своё мнение!"
"Знакомьтесь с красивыми девушками, флиртуйте или обсуждайте общие интересы!"
"Познакомьтесь с интересным парнем, флиртуйте или просто обсуждайте общие интересы!"
"Заходите на Duego, у нас нет барашков и морковок! Зато есть много интересных людей и игр!"
Надоели дурацкие статусы и посты?  Познакомьтесь с новыми интересными людьми на duego.
"Заходите на Duegо, у нас нет авторитетов и боссов! Зато есть много интересных людей и игр!"
"Общайтесь, встречайтесь, флиртуйте! На Duego есть именно то, что вы ищете."
"Общайтесь, встречайтесь, флиртуйте! На Duego есть именно та- особенная девушка."
"Общайтесь, встречайтесь, флиртуйте! На Duego есть именно тот парень, который вам нужен."
"На Duego много веселых игр и красивых девушек, с которыми теперь так просто познакомиться!"
"На Duego много веселых игр и классных парней, с которыми теперь так просто познакомиться!"
"Симпатичные, весёлые, интересные девушки - они все на Duego. Зарегистрироваться легко!"
"Duego - это классное место, чтобы найти новых знакомых, друзей, а может и новую девушку!"
"Все уже давно на Duego! Это классное место, чтобы найти новых друзей по интересам."
А поговорить не с кем? Пора заводить новые знакомства. Знакомьтесь на Duego!
"Найдите тех, кто похож на ваших любимых звёзд в игре ""Селебрити"" ! Играйте и знакомьтесь!"
"Ей нравится музыка и путешествия. Вы идеальная пара!? Duego - играй, флиртуй, голосуй!"
"Может это вы? Зарегистрируйтесь на Duego, играйте и знакомьтесь с девушками! "
"Стильный дизайн, весёлые игры, море фотографий и океан интересных людей. Заходите!"
На Duego знакомиться безопасно и весело. Зарегистрируйтесь и найдите новых друзей!
"Знакомьтесь, общайтесь по интересам, флиртуйте на Duego и встречайтесь в жизни!"
"Познакомьтесь с милой девушкой, флиртуйте или просто обсуждайте общие интересы!"
На Duego легко найти новые знакомства по интересам.  Общайтесь с близкими по духу людьми!
"Играйтете в игру ""Селебрити""! Узнайте, на кого похожи вы!"
Помогите другим найти идеальную пару! Играйте и голосуйте на Duego.com!
"Голосование на Duego уже началось. Узнай, возможно, ты достоин большего? "
"Играйте и выбирайте, кто вам нравится, а кто нет. Новые знакомства -  это Duego!"
"Старые друзья - это хорошо, а новые - ещё лучше! Новые знакомства у себя в городе."
Знакомства в своём городе на Duego. Новые друзья на расстоянии одного клика!
"Знакомьтесь, общайтесь по интересам, флиртуйте на Duego и встречайтесь в жизни!"
"Познакомьтесь с милой девушкой, флиртуйте или просто обсуждайте общие интересы!"
"Симпатичные, весёлые, интересные парни - они все на Duego. Заходите!"
"Заходите на Duego! Это классное место, чтобы найти новых знакомых, друзей или парня!"
Ему нравится музыка и путешествия. Вы идеальная пара? Узнай на Duego!
"Может это вы? Играйте в игру ""Идеальная пара"" и знакомьтесь с новыми людьми! "
"На Duego знакомиться безопасно и весело. Найдите новых друзей, а может и нового парня."
"Познакомьтесь с интересным парнем, флиртуйте или просто обсуждайте общие интересы!"
На Duego легко найти новые знакомства по интересам.  Общайтесь с близкими по духу людьми!
"Играйтете в игру ""Селебрити""! Узнайте, на кого похожи вы!"
"Помогите другим найти идеальную пару! Играйте, голосуйте и знакомьтесь на Duego!"
"Голосование на Duego уже началось. Узнай, возможно, ты достойна большего?"
"Играйте и выбирайте, кто вам нравится, а кто нет. Новые знакомства -это Duego!"
"Познакомьтесь с хорошим парнем, флиртуйте или просто обсуждайте общие интересы!"
"Как не крути, но это праздник! Поздравь меня на Duego.com :P"
"Давайте знакомиться, общаться, играть на Duego.com! Придуэгивайтесь :P"
"Давайте знакомиться, общаться, играть! На Duego.com - это просто, весело и бесплатно!"
"Знакомьтесь, играйте, болтайте, флиртуйте! Весна пришла - всем пора на Duego.com!"
"Заходи на Duego! Игры, знакомства, общение, встречи. "
Заходи на Duego! Девушки ждут поздравлений ;) Дерзай!
"С 8 марта! Но лучше, чтобы ты поздравил меня на Duego.com! Новые знакомства - это просто!"
"Дорогие девушки, солнца Вам и тепла! Заходите на Duego, познакомимся! :P"
"Как не крути, но это праздник! Не скучай, заходи на Duego :P"
Поздравляю дорогих девушек и желаю хорошо отметить! Заходите на Duego - поболтаем!
"А у меня нет кавалера. Заходи на Duego.com, познакомимся! :P"
Знакомиться играя - весело и просто! Регистрируйтесь на duego.com сегодня!
"Яркие, красивые, весёлые люди собираются здесь!  Знакомьтесь сегодня!"
Знакомиться играя - весело и просто! Регистрируйтесь на duego.com сегодня!
"Знакомиться играя - весело, просто и бесплатно, когда вы на Duego.com. Регистрируйтесь!"
"Duego - интересные люди, весёлые игры и новые впечатления! Присоединяйтесь сегодня!"
"Присоединяйтесь к нашей весёлой компании уже сегодня! Играйте, знакомьтесь, общайтесь."
"Выбирайте симпатяшек, голосуйте, играйте и общайтесь на Duego!"
"Зависит от Вас! Голосуйте, знакомьтесь, общайтесь на Duego.com!"
"Выбирайте симпатяшек, голосуйте, играйте и общайтесь на Duego!"
"Зависит от Вас! Голосуйте, знакомьтесь, общайтесь на Duego.com!"
"Лучшее место для новых знакомств! Игры, фото, общение!"
Яркие впечатления от новых знакомств. Заходите сейчас!