Bycie farmerem to nie to?,"Na duego nie obchodzą nas wirtualne farmy i miasta. Zrobimy za to wszystko, by poznać cię z ciekawymi ludźmi!"
Bycie mafiozem to nie to?,"Na duego nie obchodzą nas wirtualne mafie. Zrobimy za to wszystko, by poznać cię z ciekawymi ludźmi."
Duego - Poznaj ludzi,"Polub, baw się, zaczynaj rozmowy i poznaj innych. Rozrywka, socializing, bezpieczeństwo. Oto duego!"
Duego - Poznaj ludzi,"Poznaj nowych ciekawych facetów, flirtuj, umów się lub zwyczajnie pogadaj. Duego ma kogoś właśnie dla ciebie!"
Jestem w WC. Zaraz wracam,Nudzą cię żałosne statusy innych? Poznaj nowych ciekawych ludzi na duego!
"Mamy przycisk ""nie lubię""","Nudzi cię ciągłe ""lubienie""? Polub lub znielub - wyraź siebie na duego!"
Poznaj ludzi!,"Poznaj nowych ciekawych ludzi, flirtuj, umów się lub zwyczajnie pogadaj. Graj w gry społeczne. Duego ma kogoś właśnie dla ciebie!"
Fajny chłopak z Krakowa?,Nie przegap szansy. Zaloguj się do Duego i poznaj swoje ciacho. Spotkaj się!
Fajny chłopak z Poznania?,Nie przegap szansy. Zaloguj się do Duego i poznaj swoje ciacho. Spotkaj się!
Fajny chłopak z Wawy?,Nie przegap szansy. Zaloguj się do Duego i poznaj swoje ciacho. Spotkaj się!
Fajny chłopak z Wrocławia,Nie przegap szansy. Zaloguj się do Duego i poznaj swoje ciacho. Spotkaj się!
Fajny chłopak ze Śląska?,Nie przegap szansy. Zaloguj się do Duego i poznaj swoje ciacho. Spotkaj się!
Fajny gość z Trójmiasta?,Nie przegap szansy. Zaloguj się do Duego i poznaj swoje ciacho. Spotkaj się!
Imprezowa Wawka!,jest pełna przygód! Dołącz do Duego i poznaj kogoś z kim spędzisz udaną imprezę. Kliknij!
Imprezowa Wawka!,jest pełna przygód! Dołącz do Duego i poznaj kogoś z kim spędzisz udaną imprezę. Kliknij!
Imprezowe Trójmiasto,jest pełne przygód! Dołącz do Duego i poznaj kogoś z kim spędzisz udaną imprezę. Kliknij!
Imprezowe Trójmiasto,jest pełne przygód! Dołącz do Duego i poznaj kogoś z kim spędzisz udaną imprezę. Kliknij!
Imprezowy Kraków,jest pełen przygód! Dołącz do Duego i poznaj kogoś z kim spędzisz udaną imprezę. Kliknij!
Imprezowy Kraków,jest pełen przygód! Dołącz do Duego i poznaj kogoś z kim spędzisz udaną imprezę. Kliknij!
Imprezowy Posen!,jest pełen przygód! Dołącz do Duego i poznaj kogoś z kim spędzisz udaną imprezę. Kliknij!
Imprezowy Posen!,jest pełen przygód! Dołącz do Duego i poznaj kogoś z kim spędzisz udaną imprezę. Kliknij!
Imprezowy Śląsk,jest pełen przygód! Dołącz do Duego i poznaj kogoś z kim spędzisz udaną imprezę. Kliknij!
Imprezowy Śląsk,jest pełen przygód! Dołącz do Duego i poznaj kogoś z kim spędzisz udaną imprezę. Kliknij!
Imprezowy Wrocek,jest pełen przygód! Dołącz do Duego i poznaj kogoś z kim spędzisz udaną imprezę. Kliknij!
Imprezowy Wrocek,jest pełen przygód! Dołącz do Duego i poznaj kogoś z kim spędzisz udaną imprezę. Kliknij!
Kochasz Kraków?,…i chcesz spotkać nowe osoby w okolicy? Zaloguj się do Duego i poznaj je już teraz!
Kochasz Kraków?,…i chcesz spotkać nowe osoby w okolicy? Zaloguj się do Duego i poznaj je już teraz!
Kochasz Poznań?,…i chcesz spotkać nowe osoby w okolicy? Zaloguj się do Duego i poznaj je już teraz!
Kochasz Poznań?,…i chcesz spotkać nowe osoby w okolicy? Zaloguj się do Duego i poznaj je już teraz!
Kochasz Śląsk?,…i chcesz spotkać nowe osoby w okolicy? Zaloguj się do Duego i poznaj je już teraz!
Kochasz Śląsk?,…i chcesz spotkać nowe osoby w okolicy? Zaloguj się do Duego i poznaj je już teraz!
Kochasz Trójmiasto?,…i chcesz spotkać nowe osoby w okolicy? Zaloguj się do Duego i poznaj je już teraz!
Kochasz Trójmiasto?,…i chcesz spotkać nowe osoby w okolicy? Zaloguj się do Duego i poznaj je już teraz!
Kochasz Warszawę?,…i chcesz spotkać nowe osoby w okolicy? Zaloguj się do Duego i poznaj je już teraz!
Kochasz Warszawę?,…i chcesz spotkać nowe osoby w okolicy? Zaloguj się do Duego i poznaj je już teraz!
Kochasz Wrocław?,…i chcesz spotkać nowe osoby w okolicy? Zaloguj się do Duego i poznaj je już teraz!
Kochasz Wrocław?,…i chcesz spotkać nowe osoby w okolicy? Zaloguj się do Duego i poznaj je już teraz!
Poznaj ludzi na Śląsku!,Spotkaj kogoś nowego w twojej okolicy już dziś! Dołącz do Duego. Teraz za FREE!
Poznaj ludzi na Śląsku!,Spotkaj kogoś nowego w twojej okolicy już dziś! Dołącz do Duego. Teraz za FREE!
Poznaj ludzi w Krakowie!,Spotkaj kogoś nowego w twojej okolicy już dziś! Dołącz do Duego. Teraz za FREE!
Poznaj ludzi w Krakowie!,Spotkaj kogoś nowego w twojej okolicy już dziś! Dołącz do Duego. Teraz za FREE!
Poznaj ludzi w Poznaniu!,Spotkaj kogoś nowego w twojej okolicy już dziś! Dołącz do Duego. Teraz za FREE!
Poznaj ludzi w Poznaniu!,Spotkaj kogoś nowego w twojej okolicy już dziś! Dołącz do Duego. Teraz za FREE!
Poznaj ludzi w Wawie!,Spotkaj kogoś nowego w twojej okolicy już dziś! Dołącz do Duego. Teraz za FREE!
Poznaj ludzi w Wawie!,Spotkaj kogoś nowego w twojej okolicy już dziś! Dołącz do Duego. Teraz za FREE!
Poznaj ludzi we Wrocławiu,Spotkaj kogoś nowego w twojej okolicy już dziś! Dołącz do Duego. Teraz za FREE!
Poznaj ludzi we Wrocławiu,Spotkaj kogoś nowego w twojej okolicy już dziś! Dołącz do Duego. Teraz za FREE!
Sam w domu?,Nie bądź jak Kevin. Rusz tyłek i zacznij poznawać nowe osoby w/na (miejsce) z Duego!
Sama w domu?,Nie bądź jak Kevin. Rusz tyłek i zacznij poznawać nowe osoby w/na (miejsce) z Duego!
Trójmiasto− poznaj ludzi!,Spotkaj kogoś nowego w twojej okolicy już dziś! Dołącz do Duego. Teraz za FREE!
Trójmiasto− poznaj ludzi!,Spotkaj kogoś nowego w twojej okolicy już dziś! Dołącz do Duego. Teraz za FREE!
Chcesz go poznać?,Zagłosuj w grze Hot-lookin' i spotkaj nowych ludzi na Duego. Dołącz i korzystaj za FREE!
Chcesz ją poznać?,Zagłosuj w grze Hot-lookin' i spotkaj nowych ludzi na Duego. Dołącz i korzystaj za FREE!
Dasz się przekonać?,"Zagraj w gry społecznościowe na Duego, polub, zaczatuj i znajdź ludzi w okolicy!"
Dasz się przekonać?,"Zagraj w gry społecznościowe na Duego, polub, zaczatuj i znajdź ludzi w okolicy!"
Duego? Lubię to!,"Oto nowy serwis, gdzie znajdziesz ciekawe osoby. Zagraj--> polub-->  zaczatuj!"
Duego? Lubię to!,"Oto nowy serwis, gdzie znajdziesz ciekawe osoby. Zagraj--> polub-->  zaczatuj!"
"Hej, tu jestem!","Znajdź mnie na Duego - to nowe miejsce, gdzie znajdziesz trendy ludzi. 
PS. Za FREE!"
"Hej, tu jestem!","Znajdź mnie na Duego - to nowe miejsce, gdzie znajdziesz trendy ludzi. 
PS. Za FREE!"
Masz ochotę na Ciacho?,"Na Duego mamy wszystkich- Hot facetów, Celeb Twinów i Perfekcyjne Połączenia.Dołącz teraz!"
Podoba ci się?,"Wejdź na Duego i oddaj głos na HOT faceta! Polub go, zaczatuj lub spotkaj się!"
Podoba ci się?,"Wejdź na Duego i oddaj głos na HOT dziewczynę! Polub ją, zaczatuj lub spotkaj się!"
Poszerz listę znajomych!,"Wejdź na Duego, graj w nasze gry i znajduj nowych ciekawych ludzi. Nowy darmowy serwis!"
Poszerz listę znajomych!,"Wejdź na Duego, graj w nasze gry i znajduj nowych ciekawych ludzi. Nowy darmowy serwis!"
Słyszałaś o Duego?,"Znajdź nowych ludzi w twojej okolicy. Duego - gry, fotki, zainteresowania, za FREE!"
Słyszałeś o Duego?,"Znajdź nowych ludzi w twojej okolicy. Duego - gry, fotki, zainteresowania, za FREE!"
Szukasz ciekawych osób?,Wejdź na Duego- znajdź ciekawych ludzi o wspólnych zainteresowaniach. Za FREE!
Szukasz ciekawych osób?,Wejdź na Duego- znajdź ciekawych ludzi o wspólnych zainteresowaniach. Za FREE!
Szukasz fajnej laski?,"Na Duego mamy je wszystkie- Hot dziewczyny, Celeb Twiny i Perfekcyjne Połączenia. Dołącz!"
Widzisz ten błysk w oku?,"Znajdź mnie na Duego, polub i zaczatuj ze mną! To nowy darmowy serwis dla wszystkich!"
Widzisz ten błysk w oku?,"Znajdź mnie na Duego, polub i zaczatuj ze mną! To nowy darmowy serwis dla wszystkich!"
Chcesz być tym kermitem?,"Nic się samo nie zrobi! Wejdź na Duego, super pozytywny serwis do poznawania nowych ludzi."
Czas na ciebie ! ! !,"Dołącz do Duego. Poznaj nowych ludzi. Graj, polub, czatuj lub spotkaj kogoś na żywo!"
Czy te oczy mogą kłamać?,Chyba nie. Dowiedz się kim jest i dołącz do Duego. Poznaj nowych ludzi za FREE!
Czy te oczy mogą kłamać?,Chyba nie. Dowiedz się kim jest i dołącz do Duego. Poznaj nowych ludzi za FREE!
Dasz jej tyle czekać?,"Graj w nasze gry i znajdź ją na Duego. To nowy serwis, gdzie poznasz fajnych ludzi za FREE"
Dasz się przytulić?,"Znajdź ją na Duego. To nowe miejsce, gdzie poznasz ciekawych ludzi. Socializing za FREE!"
Gdzie oni się podziali?,"No jak, gdzie… Wszyscy są na Duego! Korzystaj za FREE. Sprawdź to już teraz!"
Gdzie są wszyscy?,"No jak, gdzie… Wszyscy są na Duego! Korzystaj za FREE. Sprawdź to już teraz!"
"Harcerka, czy policjantka?","Dowiedz się sam, wchodząc na Duego. To rozrywka i socializing za FREE!"
Jak spędziłeś karnawał?,Szukasz znajomych na wspólne imprezy? Dołącz do Duego. Socializuj się za FREE
Jak to jesteś singielką?,"Nie słyszałaś o Duego? To przyjazne miejsce, gdzie poznasz nowych znajomych. Co stanie się…"
Lubisz barwne osoby?,"Znajdź je na Duego. To nowe miejsce, gdzie dużo się dzieje. Socializing za FREE!"
Lubisz jej spojrzenie?,"Znajdź ją na Duego. To nowe miejsce, gdzie poznasz ciekawych ludzi. Socializing za FREE!"
Lubisz się uśmiechać?,Poznaj pozytywnych użytkowników Duego! Dołącz i poszerz grono znajomych. Za FREE!
Nie mogą w to uwierzyć!,"Twój status związku to ""wolny""? Wejdź na Duego, poznaj cool ludzi! Socializuj się za FREE!"
On jest mega pozytywny!,A ty kogo szukasz? Poznaj nowych ludzi na Duego. Zagraj--> polub--> zaczatuj--> spotkaj!
On jest tym zażenowany.,"Twój status związku to ""wolny""? Wejdź na Duego, poznaj cool ludzi! Socializuj się za FREE!"
On już znalazł idola.,"A ty masz kogoś? Na Duego znajdziesz osoby, które wyglądają jak twoi ulubieni celebryci!"
Ona jest Hot na Duego!,A jaka będzie twoja popularność? Korzystaj za FREE i poznawaj nowych ludzi!
Ona lubi Tiësto i ATB.,A ty co lubisz? Dołącz do Duego i poczatuj o wspólnych zainteresowaniach. Za FREE!
Ona nie może uwierzyć!,"Twój status związku to ""wolny""? Wejdź na Duego, poznaj cool ludzi! Socializuj się za FREE!"
Ona szuka bratniej duszy!,A ty kogo szukasz? Poznaj nowych ludzi na Duego. Zagraj--> polub--> zaczatuj--> spotkaj!
Polubiłbyś je?,"Duego to nowy darmowy serwis, na którym poznasz ciekawych ludzi. Nie czekaj, klikaj!"
"Poznawaj, czatuj, klikaj!",Nie zwlekaj. Dołącz do Duego już teraz i korzystaj za FREE! Jesteś na bieżąco?
"Poznawaj, czatuj, klikaj!",Nie zwlekaj. Dołącz do Duego już teraz i korzystaj za FREE! Jesteś na bieżąco?
Szukasz super znajomych?,Znajdź ich na Duego. Tam każdy jest mega pozytywny. Socializuj się za FREE!
Szukasz super znajomych?,Na Duego każdy jest mega pozytywny! Znasz wszystkich w twoim mieście? Korzystaj za FREE!
Teraz albo nigdy!,"Dołącz do Duego i korzystaj za FREE z nowego serwisu, gdzie znajdziesz ciekawych ludzi!"
Teraz albo nigdy!,"Dołącz do Duego i korzystaj za FREE z nowego serwisu, gdzie znajdziesz ciekawych ludzi!"
Wystarczająco zakręcony?,Na Duego każdy jest mega pozytywny. Ciekawi ludzie w nowym serwisie dla każdego!
Zagłosowałabyś na niego?,"Nie zwlekaj. Kliknij i dowiedz się, czym jest Duego!"
Zagłosowałbyś na nią?,"Nie zwlekaj. Kliknij i dowiedz się, czym jest Duego!"
"Żartujesz? Ty, singielka?",Na Duego czekają na ciebie super faceci! Wybierz z kim chcesz pogadać! Korzystaj za FREE!
Zazdrościsz mu?,"Nic się samo nie zrobi! Wejdź na Duego, super pozytywny serwis do poznawania nowych ludzi."
8 marca to nie Walentynki,Nie musisz mieć jednej. Poznaj wiele ciekawych dziewczyn na Duego. Poczatuj i wybierz…
8 marca to nie Walentynki,Daj się polubić wielu facetom. Wybierz z kim chcesz pogadać. Spotkaj się!
8 marca. ,"Z okazji Dnia Kobiet wszystkim tym, co poznali kogoś fajnego na Duego życzymy pomarańczy!"
8 marca. ,"Z okazji Dnia Kobiet wszystkim tym, co poznali kogoś fajnego na Duego życzymy pomarańczy!"
8 marca. Dzień prawdy.,A ty masz swoich wielbicieli? Wejdź na Duego i poznaj twoje ciacho. Za FREE!
8 marca. Dzień prawdy.,A ty masz komu złożyć życzenia? Wejdź na Duego i poznaj nowe dziewczyny! Za FREE!
8 marca. Jesteś gotowa?,Dzień Kobiet to dobra okazja by poznać kogoś nowego na Duego. Oni już czekają. Dołącz!
8 marca. Jesteś gotowy?,Dzień Kobiet to dobra okazja by poznać ciekawą dziewczynę na Duego i zabrać ją na randkę!
Chcesz więcej znajomych?,"Nic się samo nie zrobi! Wejdź na Duego, super pozytywny serwis do poznawania nowych ludzi."
Chcesz więcej znajomych?,"Nic się samo nie zrobi! Wejdź na Duego, super pozytywny serwis do poznawania nowych ludzi."
Dasz się przekonać?,"Zagraj w gry społecznościowe na Duego, polub, zaczatuj i znajdź ludzi w okolicy! Za FREE!"
Dasz się przekonać?,"Zagraj w gry społecznościowe na Duego, polub, zaczatuj i znajdź ludzi w okolicy! Za FREE!"
Duego teraz dla każdego!,"Oto nowy serwis, gdzie znajdziesz ciekawe osoby. Zagraj - polub - zaczatuj! To proste!"
Duego teraz dla każdego!,"Oto nowy serwis, gdzie znajdziesz ciekawe osoby. Zagraj - polub - zaczatuj! To proste!"
Gdzie są wszyscy?,"No jak, gdzie? Wszyscy są na Duego - przeglądają profile, grają, głosują i czatują!"
Gdzie są wszyscy?,"No jak, gdzie? Wszyscy są na Duego - przeglądają profile, grają, głosują i czatują!"
Lubisz polubywać?,Na Duego lubienie to pierwszy krok by poznać nowe osoby o wspólnych zainteresowaniach!
Lubisz polubywać?,Na Duego lubienie to pierwszy krok by poznać nowe osoby o wspólnych zainteresowaniach!
Lubisz życie towarzyskie?,"Duego to nowe miejsce, w którym spotkasz wpaniałych znajomych i pogadasz o czym zechcesz!"
Lubisz życie towarzyskie?,"Duego to nowe miejsce, w którym spotkasz wpaniałych znajomych i pogadasz o czym zechcesz!"
Słyszałaś o Duego?,Przedstawiamy ci nową jakość poznawania ludzi w sieci. Dołącz teraz i korzystaj za FREE!
Słyszałeś o Duego?,Przedstawiamy ci nową jakość poznawania ludzi w sieci. Dołącz teraz i korzystaj za FREE!
Szukasz ciekawych osób?,Nie zwlekaj. Dołącz do Duego już teraz i korzystaj za FREE! Jesteś na czasie?
Szukasz ciekawych osób?,Nie zwlekaj. Dołącz do Duego już teraz i korzystaj za FREE! Jesteś na czasie?
Szukasz super znajomych?,"Znajdź ich na Duego. Tam każdy jest mega pozytywny. Graj, czatuj i socializuj się za FREE!"
Szukasz super znajomych?,"Znajdź ich na Duego. Tam każdy jest mega pozytywny. Graj, czatuj i socializuj się za FREE!"
Duego Celeb,Zagraj w Celeb-Twina na fejsie i zobacz jak łatwo poznawać ludzi na Duego! Łącz znajomych!
Duego Celeb,Teraz graj w Celeb-Twina także na fejsie! Łącz znajomych i zaskocz ich swym bystrym okiem.
Duego Celeb,Zagraj w Celeb-Twina na fejsie i zobacz jak łatwo poznawać ludzi na Duego! Łącz znajomych!
Duego Celeb,Teraz graj w Celeb-Twina także na fejsie! Łącz znajomych i zaskocz ich swym bystrym okiem.
Brak dziewczyn online ?,"Duego to nowy portal, na którym znajdziesz mnóstwo ciekawych osób! Korzystaj za FREE !"
Dziewczyny z Trójmiasta ?,Poznaj je! Wejdź i zaznaj społecznościowej rozrywki. Korzystaj z Duego za FREE !
Imprezowa Wawka jest,"pełna przygód! Dołącz do Duego i poznaj nowych ludzi, z którymi spędzisz udaną imprezę !"
Imprezowe Trójmiasto jest,"pełne przygód! Dołącz do Duego i poznaj nowych ludzi, z którymi spędzisz udaną imprezę !"
Imprezowy Kraków jest,"pełen przygód! Dołącz do Duego i poznaj nowych ludzi, z którymi spędzisz udaną imprezę !"
Imprezowy Poznań jest,"pełen przygód! Dołącz do Duego i poznaj nowych ludzi, z którymi spędzisz udaną imprezę !"
Imprezowy Śląsk jest,"pełen przygód! Dołącz do Duego i poznaj nowych ludzi, z którymi spędzisz udaną imprezę !"
Imprezowy Wrocław jest,"pełen przygód! Dołącz do Duego i poznaj nowych ludzi, z którymi spędzisz udaną imprezę !"
Lubisz polubywać ?,Na Duego lubienie to pierwszy krok by poznać nowe osoby o wspólnych pasjach. Za FREE !
Lubisz polubywać ?,Na Duego lubienie to pierwszy krok by poznać nowe osoby o wspólnych pasjach. Za FREE !
Lubisz życie towarzyskie?,"Duego to nowe miejsce, gdzie spotkasz super znajomych i pogadasz o czym zechcesz, za FREE!"
Lubisz życie towarzyskie?,"Duego to nowe miejsce, gdzie spotkasz super znajomych i pogadasz o czym zechcesz, za FREE!"
Masz za mało znajomych ?,Czas to zmienić! Wejdź na Duego - darmowy i ciekawy serwis do poznawania nowych ludzi !
Masz za mało znajomych ?,Czas to zmienić! Wejdź na Duego - darmowy i ciekawy serwis do poznawania nowych ludzi !
Nowi znajomi w Krakowie ?,Rusz tyłek i zacznij poznawać ciekawe osoby w okolicy z Duego! Społecznościowy fun za FREE
Poznaj ludzi na Śląsku !,Spotkaj kogoś nowego w twojej okolicy już dziś. Zaznaj rozrywki na Duego za FREE !
Poznaj ludzi na Śląsku !,Umów się z kimś z okolicy lub zwyczajnie pogadaj. Za FREE! Na Duego mamy kogoś dla ciebie!
Poznaj ludzi w 3-mieście!,Spotkaj kogoś nowego w twojej okolicy już dziś. Zaznaj rozrywki na Duego za FREE !
Poznaj ludzi w 3-mieście!,Umów się z kimś z okolicy lub zwyczajnie pogadaj. Za FREE! Na Duego mamy kogoś dla ciebie!
Poznaj ludzi w Krakowie !,Spotkaj kogoś nowego w twojej okolicy już dziś. Zaznaj rozrywki na Duego za FREE !
Poznaj ludzi w Krakowie !,Umów się z kimś z okolicy lub zwyczajnie pogadaj. Za FREE! Na Duego mamy kogoś dla ciebie!
Poznaj ludzi w Poznaniu !,Spotkaj kogoś nowego w twojej okolicy już dziś. Zaznaj rozrywki na Duego za FREE !
Poznaj ludzi w Poznaniu !,Umów się z kimś z okolicy lub zwyczajnie pogadaj. Za FREE! Na Duego mamy kogoś dla ciebie!
Poznaj ludzi w Wawie !,Spotkaj kogoś nowego w twojej okolicy już dziś. Zaznaj rozrywki na Duego za FREE !
Poznaj ludzi w Wawie !,Umów się z kimś z okolicy lub zwyczajnie pogadaj. Za FREE! Na Duego mamy kogoś dla ciebie!
Poznaj ludzi we Wrocławiu,Spotkaj kogoś nowego w twojej okolicy już dziś. Zaznaj rozrywki na Duego za FREE !
Poznaj ludzi we Wrocławiu,Umów się z kimś z okolicy lub zwyczajnie pogadaj. Za FREE! Na Duego mamy kogoś dla ciebie!
Szukasz ciekawych osób ?,Nie zwlekaj. Dołącz do Duego już teraz i surfuj za FREE! Socializuj się i bądź na topie !
Szukasz dziewczyn z Wawy?,Poznaj je! Wejdź i zaznaj społecznościowej rozrywki. Korzystaj z Duego za FREE !
Szukasz panny z Krakowa ?,Poznaj kogoś nowego! Wejdź i zaznaj społecznościowej rozrywki. Korzystaj z Duego za FREE !
Szukasz panny z Poznania ?,Poznaj kogoś nowego! Wejdź i zaznaj społecznościowej rozrywki. Korzystaj z Duego za FREE !
Szukasz panny z Wrocka?,Poznaj kogoś nowego! Wejdź i zaznaj społecznościowej rozrywki. Korzystaj z Duego za FREE !
Szukasz panny ze Śląska?,Poznaj kogoś nowego! Wejdź i zaznaj społecznościowej rozrywki. Korzystaj z Duego za FREE !
Wygląda jak celebryta ?,"Poznaj na Duego kogoś, kto przypomina twoją  gwiazdę! Społecznościowa rozrywka za FREE !"
Duego,"Poznaj ciekawych ludzi za FREE. Przeglądaj profile, graj i socializuj się. Dołącz teraz!"
Duego,"Poznaj ciekawych ludzi za FREE. Przeglądaj profile, graj i socializuj się. Dołącz teraz!"
Imprezowa Wawka jest,"pełna przygód! Dołącz do Duego i poznaj nowych ludzi, z którymi spędzisz udaną imprezę !"
Imprezowe Trójmiasto jest,"pełne przygód! Dołącz do Duego i poznaj nowych ludzi, z którymi spędzisz udaną imprezę !"
Imprezowy Kraków jest,"pełen przygód! Dołącz do Duego i poznaj nowych ludzi, z którymi spędzisz udaną imprezę !"
Imprezowy Poznań jest,"pełen przygód! Dołącz do Duego i poznaj nowych ludzi, z którymi spędzisz udaną imprezę !"
Imprezowy Śląsk jest,"pełen przygód! Dołącz do Duego i poznaj nowych ludzi, z którymi spędzisz udaną imprezę !"
Imprezowy Wrocław jest,"pełen przygód! Dołącz do Duego i poznaj nowych ludzi, z którymi spędzisz udaną imprezę !"
Nowi znajomi na Śląsku ?,Wejdź na Duego i zacznij poznawać ciekawe osoby w okolicy! Społecznościowy fun za FREE!
Nowi znajomi w 3-mieście?,Wejdź na Duego i zacznij poznawać ciekawe osoby w okolicy! Społecznościowy fun za FREE!
Nowi znajomi w Krakowie ?,Wejdź na Duego i zacznij poznawać ciekawe osoby w okolicy! Społecznościowy fun za FREE!
Nowi znajomi w Poznaniu ?,Wejdź na Duego i zacznij poznawać ciekawe osoby w okolicy! Społecznościowy fun za FREE!
Nowi znajomi w Wawce ?,Wejdź na Duego i zacznij poznawać ciekawe osoby w okolicy! Społecznościowy fun za FREE!
Nowi znajomi we Wrocławiu,Wejdź na Duego i zacznij poznawać ciekawe osoby w okolicy! Społecznościowy fun za FREE!
Płacisz za nowe kontakty?,"Nie na Duego! To innowacyjny portal, gdzie poznawanie ludzi jest DARMOWE. Dołącz TERAZ!"
Znasz każdego w mieście?,My tak! Zaloguj do Duego już TERAZ i poznaj nowych ludzi w Trójmieście Korzystaj BEZ opłat
Poszerz sieć znajomych!,Dołącz do duego i już dziś zacznij poznawać ciekawych ludzi w rozrywkowym otoczeniu. Szybka rejestracja!
Poznaj nowych ludzi!,"Duego.com to nowa platforma społecznościowo-rozrywkowa, na której poznasz kogoś ciekawego. Szybka rejestracja, kliknij tutaj."
Uspołeczniliśmy randki!,"Dołącz do duego za darmo i już dziś baw się, socjalizuj i flirtuj. Kliknij tutaj!"
Znajdź miłość na duego!,Duego to nowy sposób na poznanie ciekawych ludzi w kreatywnym społecznościowym środowisku. Dołącz za darmo dziś i znajdź miłość!
Duego,Duego to nowy darmowy sposób na poznanie ciekawych osób online. Wypróbujesz?
Duego,Duego to nowy darmowy sposób na poznanie ciekawych osób online. Wypróbujesz?
Duego,Witaj na fan page'u duego.com. Polub nas i śledź niusy ze społecznościowego świata!
Duego,Witaj na fan page'u duego.com. Polub nas i śledź niusy ze społecznościowego świata!
Duego,"Duego to nowy darmowy serwis, gdzie poznasz ciekawe osoby. Daj się przekonać i polub nas!"
Duego,"Duego to nowy darmowy serwis, gdzie poznasz ciekawe osoby. Daj się przekonać i polub nas!"
50 osób powiedziało: Hot!,"Zgadzasz się, czy przesadziły? Głosuj lub pomiń i znajdź swój ideał na Duego."
Brak fajnych osób online?,"Poznaj nowych ludzi na Duego. To nowe miejsce, gdzie znajdziesz masę ciekawych osób. Dołącz już dziś za FREE!"
Brak nowych znajomych?,Poznaj nowych ludzi na Duego. Dużo funu i ciekawych osób. Dołącz już dziś za FREE!
Chcesz z kimś pogadać?,"Nowe, interesujące osoby w zasięgu kliknięcia. Szybka rejestracja i dużo funu – na Duego!"
Czy to twój ideał?,"Czy też stać cię na więcej? Głosowanie na Duego już się rozpoczęło.
Dołącz do nas za FREE!"
Duego – faceci i ciacha,"Dołącz do nas i znajdź Hot faceta! Przyjazny design, gry społecznościowe, mnóstwo fotek i fajni ludzie."
Duego. Faceci jak z bajki,Dołącz do nas i znajdź swoje ciacho. Poznaj ciekawych facetów o podobnych zainteresowaniach i oczekiwaniach. Pokochasz Duego!
Duego. Poznaj wow! faceta,"Dołącz do Duego i poznaj atrakcyjnych, pozytywnych i ciekawych facetów. Umów się lub pogadaj. Dołącz do Duego już teraz za FREE!"
Gdzie są ci faceci?,No jak gdzie? Na Duego! Poznaj nowych ludzi na Duego i dołącz do grona tych co nas polubili. Wystarczy jedno kliknięcie!
Lubisz tańczyć i śpiewać?,"Z nami z łatwością znajdziesz ludzi o podobnych zainteresowaniach.
Odnajdź bratnie dusze na Duego!"
Nudzą cię obecni znajomi?,Czas poznać nowych ludzi! Tu na Duego zamienisz swoje wirtualne znajomości na prawdziwą przyjaźń.
Pomóż temu facetowi!,"On i inni szukają Perfekcyjnego Połączenia! Zagraj i zagłosuj na tych, którzy tworzą dobraną parę."
Przypomina ci kogoś?,"Poznaj kogoś, kto wygląda jak twój ulubiony celebryta. Zagraj w Celeb Twina na Duego."
"Sportowa sylwetka, wysoki","i lubi dobrą muzykę. Czy to twoje Perfekcyjne Połączenie na Duego?
Duego – graj, flirtuj, polub i swataj."
Starzy znajomi,"są fajni. Ale nowi – mogą być jeszcze lepsi! Duego to miejsce dla tych, którzy szukają nowych ciekawych ludzi."
"Uważasz, że jest Hot?",Poznaj nowych ludzi na Duego grając w grę Hot-lookin'. Rozrywka za FREE – kliknij i spotkaj kogoś nowego!
"Uważasz, że jest Hot?","Zagraj w Good Lookin' i sama zdecyduj kogo lubisz, a kogo nie. Jest Duego, są nowi ludzie."
Większość ludzi,"uważa, że stać go na więcej. A może to właśnie twoje Perfekcyjne Połączenie?
Duego – graj, flirtuj, polub i swataj."
Wygląda jak piosenkarz?,"Zagraj w Celeb Twina i znajdź osoby podobne do Twoich ulubionych celebrytów. Dowiedz się, kogo ty przypominasz!"
Zero stresu na Duego!,"Prawdziwe profile, szybka rejestracja i przyjazne otoczenie. 
Duego – nowy wymiar spotkań."
50 osób powiedziało: Hot!,"Zgadzasz się, czy przesadzili? Głosuj lub przejdź do następnej i znajdź swój ideał na Duego."
Brak lasek online?,"Poznaj nowych ludzi na Duego. To nowe miejsce, gdzie znajdziesz masę ciekawych osób. Dołącz już dziś za FREE!"
Brak nowych znajomych?,Poznaj nowych ludzi na Duego. Gwarantujemy dużo funu i nieprzeciętnych dziewczyn. Dołącz już dziś za FREE!
Chcesz z kimś pogadać?,"Nowe, interesujące osoby w zasięgu kliknięcia. Szybka rejestracja i dużo funu – na Duego!"
Czy to twój ideał?,"Czy też stać cię na więcej? Głosowanie na Duego już się rozpoczęło.
Dołącz do nas za FREE!"
Duego – poznaj ludzi,"Dołącz do nas i znajdź Hot dziewczynę. Za FREE! Przyjazny design, gry społecznościowe, mnóstwo fotek i fajni ludzie."
Duego. Laski ze snów!,Dołącz do nas i znajdź swoją boginię. Poznaj ciekawe dziewczyny o podobnych zainteresowaniach i oczekiwaniach. Pokochasz Duego!
Duego. Poznaj wow! laskę,"Wejdź na Duego i poznaj atrakcyjne, milutkie i ciekawe dziewczyny. Umów się lub pogadaj. Dołącz do Duego już teraz za FREE!"
Gdzie są te dziewczyny?,No jak gdzie? Na Duego! Poznaj nowych ludzi na Duego i dołącz do grona tych co nas polubili. Wystarczy jedno kliknięcie!
Lubisz tańczyć i śpiewać?,"Z nami z łatwością znajdziesz ludzi o podobnych zainteresowaniach.
Odnajdź bratnie dusze na Duego!"
Nudzą cię obecni znajomi?,Czas poznać nowych ludzi! Tu na Duego zamienisz swoje wirtualne znajomości na prawdziwą przyjaźń.
Pomóż tej dziewczynie!,"Ona i inne szukają Perfekcyjnego Połączenia! Zagraj i zagłosuj na tych, którzy tworzą dobraną parę."
Przypomina ci kogoś?,"Poznaj kogoś, kto wygląda jak twoja ulubiona celebrytka. Zagraj w Celeb Twina na Duego."
"Sportowa sylwetka, wysoka","i lubi dobrą muzykę. Czy to twoje Perfekcyjne Połączenie na Duego?
Duego – graj, flirtuj, polub i swataj."
Starzy znajomi,"są fajni. Ale nowi – mogą być jeszcze lepsi! Duego to miejsce dla tych, którzy szukają nowych ciekawych ludzi."
"Uważasz, że jest Hot?",Poznaj nowych ludzi na Duego grając w grę Hot-lookin'. Jedno kliknięcie i możesz spotkać kogoś nowego! Za FREE!
"Uważasz, że jest Hot?","Zagraj w Hot Lookin' i sam zdecyduj kogo lubisz, a kogo nie. Jest Duego, są nowi ludzie."
Większość ludzi,"uznało, że stać ją na więcej. A może to właśnie twoje Perfekcyjne Połączenie?
Duego – graj, flirtuj, polub i swataj."
Wygląda jak piosenkarka?,"Zagraj w Celeb Twina i znajdź osoby podobne do Twoich ulubionych celebrytek. Dowiedz się, kogo ty przypominasz!"
Zero stresu na Duego!,"Prawdziwe profile, szybka rejestracja i przyjazne otoczenie. 
Duego – nowy wymiar spotkań. Za FREE!"
Będziesz singielką 14-go?,Może od razu zostań starą panną? Przestań zamulać i zacznij poznawać nowych ciekawych ludzi. Duego się to zwie - jest fun i za FREE!
Będziesz singlem 14-go?,Może od razu zostań starym kawalerem? Przestań zamulać i zacznij poznawać nowych fajnych ludzi. Duego się to zwie - jest fun i za FREE!
Drodzy obywatele ogłaszam,"Stan Walentynkowy! Korzystajcie, bo kraj jest pełen przebiegłych kobiet, które się z Wami zwiążą tylko po to, by być z kimś na 14-go."
"Drogie obywatelki,","Ogłaszamy wprowadzenie stanu Walentynkowego. Faceci zobowiązani są zrobić wszystko, aby was uszczęśliwić. Znajdź swoje ciacho na Duego!"
Fajny dziewczyna?,To ona może być twoim Perfekcyjnym Połączeniem na Walentynki. Zagraj w nasze gry i poznawaj nowych ludzi!
Fajny facet?,To on może być twoim Perfekcyjnym Połączeniem na Walentynki. Zagraj w nasze gry i poznawaj nowych ludzi!
Nie cierpię Walentynek…,"…no chyba, że się ze mną umówisz! Znajdź mnie na Duego. To darmowy socializing dla każdego!"
Nie cierpię Walentynek…,"…no chyba, że się ze mną umówisz! Znajdź mnie na Duego. To darmowy socializing dla każdego!"
Nienawidzisz Walentynek?,"My też nie. Serduszka, buziaczki, cukiereczki, ciasteczka…Fuuu! Na Duego nie świętujemy 14 lutego. My codziennie poznajemy nowych ludzi"
Nienawidzisz Walentynek?,"My też nie. Serduszka, buziaczki, cukiereczki, ciasteczka…Fuuu! Na Duego nie świętujemy 14 lutego. My codziennie poznajemy nowych ludzi"
Sam w Walentynki?,"Nie martw się, jest mnóstwo ciekawych osób gotowych na czat z Tobą. Odwiedź Duego - rozrywka, flirt & socializing. Za FREE!"
Sama w Walentynki?,"Nie martw się, jest mnóstwo ciekawych osób gotowych na czat z Tobą. Odwiedź Duego - rozrywka, flirt & socializing. Za FREE!"
Ulubiony dzień singli…,...NADCHODZI! Ale nie panikuj - przygotowaliśmy zestaw ratunkowy pełen super lasek. Dołącz dzisiaj i ciesz się darmowym kontem Duego.
Ulubiony dzień singli…,...NADCHODZI! Ale nie panikuj - przygotowaliśmy zestaw ratunkowy pełen super facetów. Dołącz dzisiaj i ciesz się darmowym kontem Duego.
Zostań moją Walentynką!,<--Ona też nie chce być sama na Walentynki. Znajdź na Duego interesującą dziewczynę i udaj się na romantyczną randkę.
Zostań moją Walentynką!,"Kwiaty, świece i dżentelmen. Czy tego właśnie szukasz? 
Poznaj interesującego faceta na Duego i otrzymaj to, czego pragniesz."
<--Gdzie się podziali!?,"No jak gdzie? Wszyscy są na Duego! Poznaj nowych ludzi na Duego i dołącz do grona tych, co nas polubili. Wystarczy jedno kliknięcie!"
50 osób zagłosowało: Tak!,"Zgadzasz się, czy przesadziły? Polub lub znielub i poznaj nowych ludzi na Duego. Za FREE już dziś!"
Brak fajnych osób online?,"Poznaj nowych ludzi na Duego. To nowe miejsce, gdzie znajdziesz masę ciekawych osób. Dołącz już dziś za FREE!"
Brak nowych zaproszeń?,Poznaj nowych ludzi na Duego. Dużo funu i ciekawych osób. Dołącz już dziś za FREE!
Chcesz kogoś poznać?,"Dołącz do Duego i znajdź atrakcyjnych, pozytywnych i ciekawych ludzi. Zagraj, czatuj i spotkaj się na żywo. Dołącz − teraz za FREE!"
Chcesz z kimś pogadać?,"Nowe, interesujące osoby w zasięgu kliknięcia. Szybka rejestracja i dużo funu – na Duego teraz za FREE!"
Czy to ciacho?,"Dołącz do nas i głosuj na innych w grach społecznościowych. Przyjazny design, mnóstwo fotek i fajni ludzie. Duego zaprasza."
Duego to nowe miejsce…,gdzie możesz poznać nowych ludzi. Od teraz także za FREE.
Duego. Tu nikt się nie nudzi!,Dołącz do nas i spotkaj bratnią duszę. Poznaj facetów i dziewczyny o podobnych zainteresowaniach i oczekiwaniach. Pokochasz Duego!
Pomóż temu facetowi!,On i inni szukają Połączeń na Duego! Zagraj w nasze gry i poznaj nowych ludzi.
"Uważasz, że jest OK?","Zagraj w G-L' i sama zdecyduj kogo lubisz, a kogo nie. Jest Duego, są nowi ludzie."
Większość ludzi,"uważa, że stać go na więcej. A ty zagłosowałabyś?
Duego – zagraj, polub, czatuj i poznaj kogoś nowego."
Zagłosowałabyś na niego?,"Poznaj nowych ludzi na Duego, grając w gry społecznościowe. Rozrywka za FREE – po prostu kliknij i spotkaj kogoś nowego!"
Zagłosowałabyś na niego?,"Czy też stać cię na więcej? Głosowanie na Duego już się rozpoczęło.
Zaloguj się i korzystaj za FREE!"